,City,Cloudiness,Country,Date,Humidity,Temp,Lat,Lng,Wind Speed
0,ushuaia,75,AR,1580262621,81,6.0,-54.8,-68.3,14.9
1,lebu,0,CL,1580262773,66,11.71,-37.62,-73.65,4.75
2,mataura,96,NZ,1580262773,69,17.69,-46.19,168.86,3.88
3,nurota,0,UZ,1580262773,92,-2.0,40.56,65.69,4.1
4,albany,90,US,1580262773,92,1.0,42.6,-73.97,3.1
5,kudahuvadhoo,0,MV,1580262774,77,26.86,2.67,72.89,7.02
6,tawang,5,IN,1580262774,63,-0.37,27.58,91.87,0.79
7,kuchl,75,AT,1580262774,80,1.11,47.63,13.14,3.1
8,hobart,75,AU,1580262663,38,25.56,-42.88,147.33,7.7
9,chuy,0,UY,1580262775,85,20.35,-33.7,-53.46,5.94
10,rabo de peixe,75,PT,1580262775,88,18.0,37.8,-25.58,10.3
11,punta arenas,94,CL,1580262775,75,7.0,-53.15,-70.92,10.3
12,conde,75,BR,1580262776,83,27.0,-7.26,-34.91,3.1
13,campbellsville,90,US,1580262588,85,3.0,37.34,-85.34,1.5
14,udachnyy,0,RU,1580262776,84,-19.0,66.42,112.4,3.0
15,port alfred,60,ZA,1580262776,85,19.44,-33.59,26.89,2.68
16,paamiut,83,GL,1580262777,56,-9.59,61.99,-49.67,5.83
17,vaini,75,TO,1580262777,79,29.0,-21.2,-175.2,2.6
18,torbay,90,CA,1580262775,100,-1.11,47.67,-52.73,2.6
19,klaksvik,0,FO,1580262777,65,0.0,62.23,-6.59,1.0
20,ahipara,100,NZ,1580262778,93,27.78,-35.17,173.17,0.45
21,nikolskoye,90,RU,1580262778,92,-1.0,59.7,30.79,5.0
22,portland,90,US,1580262519,87,10.56,45.52,-122.68,4.1
23,pisco,90,PE,1580262778,78,24.0,-13.7,-76.22,4.1
24,atuona,32,PF,1580262779,79,27.17,-9.8,-139.03,6.09
25,marawi,37,PH,1580262779,83,27.78,8.0,124.29,2.24
26,jamestown,90,US,1580262719,92,0.0,42.1,-79.24,3.1
27,hermanus,89,ZA,1580262779,98,18.33,-34.42,19.23,0.45
28,vila franca do campo,75,PT,1580262779,88,18.0,37.72,-25.43,10.3
29,rikitea,100,PF,1580262780,78,26.55,-23.12,-134.97,2.78
30,isangel,75,VU,1580262780,66,29.0,-19.55,169.27,4.1
31,bluff,100,NZ,1580262780,93,13.03,-46.6,168.33,6.27
32,jibuti,90,DJ,1580262780,78,23.0,11.5,42.5,8.55
33,marathon,90,US,1580262704,67,-5.0,44.9,-89.77,1.5
34,mumford,100,GH,1580262781,92,23.77,5.26,-0.76,0.6
35,tatawin,0,TN,1580262781,57,11.0,32.93,10.45,1.0
36,sao joao dos patos,51,BR,1580262782,91,22.62,-6.5,-43.7,0.4
37,semey,75,KZ,1580262782,84,-16.0,50.41,80.23,5.0
38,qaanaaq,100,GL,1580262782,92,-25.43,77.48,-69.36,2.59
39,sweetwater,20,US,1580262782,73,22.0,25.76,-80.37,1.5
40,puerto del rosario,36,ES,1580262783,67,17.0,28.5,-13.86,3.6
41,jardim,0,BR,1580262783,91,22.27,-21.48,-56.14,2.15
42,carnarvon,45,AU,1580262783,78,26.0,-24.87,113.63,8.2
43,omboue,46,GA,1580262783,94,24.42,-1.57,9.26,0.78
44,sangar,92,RU,1580262783,83,-29.61,63.92,127.47,4.13
45,tuktoyaktuk,90,CA,1580262784,68,-29.0,69.45,-133.04,2.1
46,elk point,90,US,1580262784,100,-2.0,42.68,-96.68,3.1
47,bredasdorp,100,ZA,1580262784,88,19.0,-34.53,20.04,2.15
48,norman wells,75,CA,1580262784,74,-30.0,65.28,-126.83,2.6
49,port augusta,0,AU,1580262785,31,36.11,-32.5,137.77,4.1
50,longyearbyen,100,SJ,1580262785,77,-18.0,78.22,15.64,4.6
51,abrau-dyurso,75,RU,1580262785,93,9.0,44.69,37.59,8.0
52,coos bay,90,US,1580262785,87,11.0,43.37,-124.22,7.7
53,mahibadhoo,0,MV,1580262786,73,27.07,3.78,72.97,5.65
54,port elizabeth,75,ZA,1580262603,77,20.0,-33.92,25.57,5.1
55,barrow,1,US,1580262786,74,-33.0,71.29,-156.79,2.1
56,venado tuerto,0,AR,1580262786,57,23.33,-33.75,-61.97,1.79
57,cardston,40,CA,1580262786,59,3.0,49.2,-113.3,7.2
58,mogadouro,99,PT,1580262787,97,7.6,41.34,-6.71,3.37
59,tiksi,99,RU,1580262788,87,-26.6,71.69,128.87,2.91
60,damghan,0,IR,1580262788,59,-0.98,36.17,54.35,0.53
61,buraydah,100,SA,1580262788,37,10.0,26.33,43.98,2.6
62,salalah,0,OM,1580262684,23,18.0,17.02,54.09,6.2
63,ortigueira,11,BR,1580262788,74,19.41,-24.21,-50.95,0.54
64,avarua,84,CK,1580262789,88,26.0,-21.21,-159.78,3.1
65,elizabethtown,90,US,1580262789,90,3.0,37.69,-85.86,1.47
66,stornoway,82,GB,1580262789,93,4.44,58.21,-6.39,8.7
67,gornopravdinsk,32,RU,1580262789,98,-29.51,60.05,69.9,2.46
68,tilichiki,100,RU,1580262789,95,-7.84,60.47,166.1,1.82
69,kota bahru,20,MY,1580262790,83,28.0,6.13,102.24,1.5
70,coruripe,0,BR,1580262713,75,26.38,-10.13,-36.18,4.67
71,bethel,90,US,1580262790,59,3.33,41.37,-73.41,2.6
72,komsomolskiy,0,UZ,1580262791,79,-1.0,40.43,71.72,3.1
73,opuwo,78,NA,1580262791,69,21.07,-18.06,13.84,1.15
74,busselton,32,AU,1580262791,29,29.44,-33.65,115.33,3.37
75,shimoda,75,JP,1580262791,82,15.0,34.67,138.95,5.1
76,gizo,85,SB,1580262791,70,28.88,-8.1,156.84,3.04
77,dikson,100,RU,1580262792,95,-27.81,73.51,80.55,6.43
78,talnakh,75,RU,1580262792,78,-12.0,69.49,88.4,8.0
79,tura,39,IN,1580262792,51,20.47,25.52,90.22,1.11
80,cidreira,57,BR,1580262792,83,23.75,-30.18,-50.21,8.81
81,hailar,24,CN,1580262793,95,-18.32,49.2,119.7,0.36
82,saint anthony,90,US,1580262793,85,-7.0,45.02,-93.22,0.78
83,najran,5,SA,1580262793,39,9.0,17.49,44.13,2.02
84,tasiilaq,100,GL,1580262793,86,-1.0,65.61,-37.64,9.3
85,lorengau,76,PG,1580262793,79,28.89,-2.02,147.27,6.43
86,yellowknife,90,CA,1580262794,84,-18.33,62.46,-114.35,2.1
87,makakilo city,90,US,1580262731,61,27.0,21.35,-158.09,2.1
88,chokurdakh,100,RU,1580262794,97,-28.67,70.63,147.92,4.74
89,zyryanka,0,RU,1580262795,94,-31.8,65.75,150.85,3.16
90,lompoc,1,US,1580262787,74,17.22,34.64,-120.46,3.6
91,ramhormoz,100,IR,1580262795,64,9.45,31.28,49.6,0.77
92,hasaki,75,JP,1580262795,87,12.22,35.73,140.83,6.2
93,ponta do sol,20,PT,1580262795,72,16.0,32.67,-17.1,3.6
94,new norfolk,75,AU,1580262569,46,25.56,-42.78,147.06,5.1
95,kutum,0,SD,1580262796,27,6.74,14.2,24.67,1.62
96,ulladulla,75,AU,1580262796,54,28.89,-35.35,150.47,4.6
97,santa rosa,40,PH,1580262796,74,27.78,14.31,121.11,1.0
98,hithadhoo,76,MV,1580262796,78,27.29,-0.6,73.08,7.01
99,grindavik,0,IS,1580262797,86,-1.0,63.84,-22.43,2.1
100,lososina,100,RU,1580262797,91,-10.8,49.0,140.31,5.76
101,hilo,75,US,1580262797,54,27.0,19.73,-155.09,3.6
102,pemberton,20,CA,1580262797,96,0.0,50.32,-122.8,1.19
103,constitucion,10,CL,1580262798,81,11.8,-35.33,-72.42,3.27
104,deputatskiy,100,RU,1580262798,68,-29.57,69.3,139.9,1.76
105,bubaque,42,GW,1580262798,75,24.99,11.28,-15.83,4.25
106,la baule-escoublac,100,FR,1580262798,87,9.0,47.29,-2.36,6.2
107,kupang,75,ID,1580262798,74,30.0,-10.17,123.58,6.2
108,georgetown,20,MY,1580262569,74,28.89,5.41,100.34,2.6
109,saint-philippe,90,RE,1580262799,64,23.0,-21.36,55.77,4.1
110,nhulunbuy,100,AU,1580262799,58,31.0,-12.23,136.77,5.7
111,san bartolome de tirajana,78,ES,1580262799,36,19.44,27.92,-15.57,1.5
112,quatre cocos,20,MU,1580262800,94,22.22,-20.21,57.76,3.1
113,naze,75,JP,1580262800,59,18.0,28.37,129.48,6.2
114,lichinga,99,MZ,1580262800,93,19.5,-13.31,35.24,1.25
115,nanortalik,69,GL,1580262800,66,-4.22,60.14,-45.24,6.65
116,thompson,90,CA,1580262735,85,-11.0,55.74,-97.86,3.6
117,chabahar,0,IR,1580262501,32,14.82,25.29,60.64,2.67
118,severo-kurilsk,100,RU,1580262801,85,-3.39,50.68,156.12,1.49
119,senanga,100,ZM,1580262801,89,19.77,-16.12,23.27,1.21
120,kruisfontein,89,ZA,1580262801,78,18.56,-34.0,24.73,3.66
121,riyadh,35,SA,1580262557,52,7.0,24.69,46.72,1.0
122,cape town,75,ZA,1580262802,100,20.0,-33.93,18.42,3.1
123,butaritari,100,KI,1580262802,78,28.38,3.07,172.79,4.71
124,touros,40,BR,1580262802,83,27.0,-5.2,-35.46,1.5
125,cam ranh,20,VN,1580262802,78,28.0,11.92,109.16,4.1
126,santa maria,99,BR,1580262803,88,24.0,-29.68,-53.81,2.6
127,trairi,67,BR,1580262803,89,23.42,-3.28,-39.27,0.76
128,piacabucu,0,BR,1580262803,75,26.05,-10.41,-36.43,3.54
129,gat,75,IL,1580262803,93,12.0,31.61,34.76,2.6
130,hambantota,40,LK,1580262803,100,21.0,6.12,81.12,2.1
131,road town,20,VG,1580262804,88,27.0,18.42,-64.62,1.5
132,puro,26,PH,1580262804,75,27.2,12.48,123.38,3.49
133,lavrentiya,0,RU,1580262804,67,-24.74,65.58,-171.0,3.91
134,dillon,1,US,1580262804,93,6.11,34.42,-79.37,1.56
135,renqiu,58,CN,1580262714,51,4.64,38.7,116.09,1.86
136,matamoros,5,MX,1580262805,19,20.0,25.53,-103.25,3.1
137,poum,0,NC,1580262805,79,26.48,-20.23,164.02,8.84
138,thohoyandou,0,ZA,1580262805,81,18.72,-22.95,30.48,0.58
139,naryan-mar,54,RU,1580262806,98,-27.01,67.67,53.09,3.18
140,glace bay,90,CA,1580262806,93,0.0,46.2,-59.96,5.7
141,sarankhola,95,BD,1580262806,61,20.96,22.31,89.79,1.7
142,lujan,0,AR,1580262806,65,26.67,-34.57,-59.1,3.6
143,cabilauan,21,PH,1580262807,68,28.91,10.89,122.66,3.21
144,maniitsoq,98,GL,1580262807,62,-13.53,65.42,-52.9,2.75
145,luderitz,0,NA,1580262807,78,18.34,-26.65,15.16,12.43
146,tacuarembo,100,UY,1580262807,57,21.51,-31.73,-55.98,1.46
147,east london,0,ZA,1580262808,57,20.5,-33.02,27.91,4.97
148,castro,33,BR,1580262808,99,17.66,-24.79,-50.01,2.63
149,sechura,89,PE,1580262808,80,23.6,-5.56,-80.82,5.04
150,tautira,40,PF,1580262808,63,33.0,-17.73,-149.15,3.1
151,phalaborwa,0,ZA,1580262808,94,21.0,-23.94,31.14,3.1
152,lamu,61,KE,1580262809,81,27.63,-2.27,40.9,6.7
153,nhamunda,98,BR,1580262809,76,26.03,-2.19,-56.71,1.09
154,ixtapa,20,MX,1580262809,69,25.0,20.7,-105.2,3.6
155,finschhafen,57,PG,1580262810,76,28.89,-6.6,147.87,3.4
156,kodiak,90,US,1580262810,79,-5.0,57.79,-152.41,6.7
157,xining,0,CN,1580262764,31,-5.9,36.62,101.77,2.37
158,manaure,66,CO,1580262810,84,26.04,11.78,-72.44,7.91
159,bengkulu,100,ID,1580262811,94,22.47,-3.8,102.27,6.09
160,faya,40,SA,1580262811,81,12.0,18.39,42.45,5.7
161,rio muerto,5,MX,1580262811,37,22.0,27.42,-110.23,4.6
162,san policarpo,0,PH,1580262811,76,27.13,12.18,125.51,1.14
163,kirakira,100,SB,1580262811,78,28.34,-10.45,161.92,0.98
164,turayf,5,SA,1580262812,100,6.0,31.67,38.66,3.1
165,faanui,81,PF,1580262812,70,28.57,-16.48,-151.75,2.24
166,arraial do cabo,20,BR,1580262812,94,25.0,-22.97,-42.03,1.5
167,margate,33,GB,1580262813,86,3.33,51.38,1.39,5.7
168,obama,98,JP,1580262813,71,12.78,35.5,135.75,2.68
169,upernavik,74,GL,1580262813,94,-25.75,72.79,-56.15,3.23
170,verkhniy avzyan,98,RU,1580262813,96,-19.95,53.53,57.54,1.13
171,erenhot,92,CN,1580262814,82,-8.5,43.65,111.98,0.9
172,souillac,20,MU,1580262814,94,22.22,-20.52,57.52,3.1
173,gwadar,0,PK,1580262814,38,19.31,25.12,62.33,8.19
174,alihe,0,CN,1580262814,70,-11.17,50.57,123.72,1.25
175,lata,40,PT,1580262814,93,14.44,40.16,-8.33,2.6
176,marystown,100,CA,1580262684,87,-0.67,47.17,-55.15,7.47
177,san cristobal,40,VE,1580262815,69,27.0,7.77,-72.22,1.0
178,kapaa,1,US,1580262815,65,26.0,22.08,-159.32,3.6
179,angoche,100,MZ,1580262815,97,22.72,-16.23,39.91,1.97
180,dire dawa,21,ET,1580262815,90,13.4,9.59,41.87,1.06
181,hobyo,25,SO,1580262816,72,22.84,5.35,48.53,7.49
182,husavik,90,IS,1580262816,92,-6.0,66.04,-17.34,6.7
183,san vicente,39,AR,1580262816,79,20.57,-26.62,-54.13,0.87
184,nishihara,90,JP,1580262816,72,17.0,26.18,127.76,5.1
185,sorland,80,NO,1580262817,79,-0.43,67.67,12.69,7.34
186,aklavik,90,CA,1580262817,67,-30.0,68.22,-135.01,1.5
187,vagur,2,FO,1580262817,69,5.58,61.47,-6.81,6.8
188,mahebourg,20,MU,1580262817,94,22.22,-20.41,57.7,3.1
189,yar-sale,100,RU,1580262818,92,-21.54,66.83,70.83,9.08
190,isilkul,23,RU,1580262818,95,-24.07,54.91,71.27,5.02
191,vestmanna,34,FO,1580262818,80,0.0,62.16,-7.17,1.0
192,vuktyl,98,RU,1580262818,96,-25.79,63.86,57.31,3.22
193,borogontsy,3,RU,1580262819,96,-30.35,62.67,131.17,2.16
194,guerrero negro,0,MX,1580262819,65,17.48,27.98,-114.06,8.8
195,bara,21,NG,1580262819,18,14.98,10.37,10.73,2.73
196,fujieda,20,JP,1580262819,82,15.56,34.87,138.27,7.2
197,sitka,90,US,1580262820,69,4.0,57.05,-135.33,8.7
198,mar del plata,100,AR,1580262679,53,24.0,-38.0,-57.56,3.1
199,kavieng,25,PG,1580262820,75,29.01,-2.57,150.8,3.11
200,chernyshevskiy,99,RU,1580262820,92,-15.27,63.01,112.47,1.37
201,sakhnovshchyna,100,UA,1580262821,97,3.22,49.15,35.87,3.87
202,kalengwa,44,ZM,1580262821,97,16.63,-13.47,25.0,1.49
203,kahului,40,US,1580262821,45,30.0,20.89,-156.47,2.6
204,taoudenni,0,ML,1580262821,29,17.31,22.68,-3.98,4.86
205,provideniya,2,RU,1580262821,64,-20.0,64.38,-173.3,2.0
206,nizhnyaya poyma,100,RU,1580262822,93,-5.03,56.16,97.19,1.52
207,arlit,100,NE,1580262822,9,21.98,18.74,7.39,3.51
208,namtsy,1,RU,1580262822,64,-41.0,62.72,129.67,1.0
209,molodizhne,90,UA,1580262822,100,4.0,48.18,32.66,2.49
210,paka,40,MY,1580262823,94,26.0,4.64,103.44,4.08
211,bardiyah,41,LY,1580262823,78,14.38,31.76,25.09,7.09
212,atar,0,MR,1580262823,23,21.72,20.52,-13.05,6.32
213,saskylakh,100,RU,1580262823,98,-23.42,71.92,114.08,3.47
214,chapais,1,CA,1580262824,77,-16.0,49.78,-74.85,2.6
215,te anau,76,NZ,1580262824,74,13.95,-45.42,167.72,4.41
216,catuday,63,PH,1580262824,72,25.62,16.29,119.81,3.65
217,sumbawanga,100,TZ,1580262824,98,14.46,-7.97,31.62,2.22
218,puerto ayora,39,EC,1580262824,13,23.89,-0.74,-90.35,5.98
219,verkhoyansk,36,RU,1580262825,68,-33.53,67.54,133.38,1.1
220,vardo,100,NO,1580262825,65,-5.46,70.37,31.11,7.83
221,pitimbu,75,BR,1580262825,83,27.0,-7.47,-34.81,3.1
222,krasnyy yar,69,RU,1580262825,92,-2.0,46.53,48.35,6.0
223,kobryn,100,BY,1580262826,98,1.43,52.21,24.36,2.62
224,aleksandrovskoye,90,RU,1580262826,100,1.0,44.71,43.0,5.0
225,tombouctou,45,ML,1580262826,23,20.59,20.0,-3.0,5.75
226,cambridge,90,CA,1580262826,86,0.0,43.36,-80.31,3.1
227,codrington,0,AU,1580262827,63,20.13,-38.27,141.97,1.98
228,victoria,0,HK,1580262716,46,13.33,22.29,114.16,4.1
229,havoysund,0,NO,1580262827,78,-11.0,71.0,24.66,17.0
230,cherskiy,100,RU,1580262827,96,-30.38,68.75,161.3,2.55
231,dingle,21,PH,1580262828,68,28.91,11.0,122.67,3.21
232,los llanos de aridane,100,ES,1580262760,72,16.0,28.66,-17.92,3.6
233,farah,0,AF,1580262828,74,1.34,32.5,62.5,0.83
234,angoram,0,PG,1580262828,54,33.22,-4.06,144.07,2.22
235,ancud,0,CL,1580262829,66,11.0,-41.87,-73.82,3.6
236,anloga,20,GH,1580262829,94,25.0,5.79,0.9,2.71
237,kathu,20,TH,1580262829,65,27.0,7.92,98.33,1.0
238,vaitape,81,PF,1580262829,70,28.57,-16.52,-151.75,2.24
239,the valley,20,AI,1580262690,78,26.0,18.22,-63.06,1.5
240,batagay-alyta,100,RU,1580262829,82,-23.24,67.8,130.41,2.71
241,bayir,20,TR,1580262830,100,6.0,37.27,28.22,1.0
242,esperance,90,AU,1580262830,88,20.0,-33.87,121.9,3.6
243,ahuimanu,20,US,1580262830,69,27.0,21.44,-157.84,4.6
244,pochutla,20,MX,1580262830,74,28.0,15.74,-96.47,5.09
245,sayyan,0,YE,1580262830,71,6.67,15.17,44.32,1.59
246,tokur,0,RU,1580262831,83,-15.38,53.13,132.9,0.88
247,olafsvik,0,IS,1580262831,76,-0.76,64.89,-23.71,6.35
248,san luis,97,AR,1580262762,70,20.71,-33.3,-66.34,8.26
249,mardin,95,TR,1580262831,77,0.94,37.31,40.74,0.97
250,grand gaube,20,MU,1580262832,94,22.22,-20.01,57.66,3.1
251,russell,1,US,1580262832,70,11.0,32.35,-85.2,1.6
252,gympie,60,AU,1580262832,70,31.67,-26.19,152.66,0.45
253,port lincoln,0,AU,1580262832,25,32.0,-34.73,135.87,6.2
254,kralendijk,0,BQ,1580262738,83,26.0,12.15,-68.27,2.6
255,airai,55,TL,1580262833,49,30.06,-8.93,125.41,1.74
256,chaoyang,100,CN,1580262833,51,-5.71,41.57,120.46,9.39
257,bintulu,75,MY,1580262833,94,27.0,3.17,113.03,1.5
258,geraldton,40,AU,1580262834,64,24.0,-28.77,114.6,7.2
259,faribault,90,US,1580262834,92,-7.0,44.3,-93.27,1.0
260,pauini,100,BR,1580262834,96,23.63,-7.71,-66.98,0.84
261,la ronge,90,CA,1580262834,92,-6.0,55.1,-105.28,1.5
262,nyurba,100,RU,1580262834,89,-15.02,63.28,118.33,2.62
263,nur,100,PL,1580262835,89,2.08,52.67,22.32,3.51
264,mount gambier,0,AU,1580262835,34,26.0,-37.83,140.77,1.5
265,chapleau,90,CA,1580262835,92,-12.0,47.84,-83.4,3.6
266,ulaangom,71,MN,1580262835,97,-21.1,49.98,92.07,2.02
267,christchurch,0,NZ,1580262836,42,28.89,-43.53,172.63,3.1
268,yulara,0,AU,1580262836,25,37.0,-25.24,130.99,7.2
269,lanivtsi,88,UA,1580262836,88,1.41,49.86,26.09,1.4
270,ketchikan,90,US,1580262836,86,8.0,55.34,-131.65,20.6
271,igarka,97,RU,1580262836,96,-16.07,67.47,86.58,3.88
272,urumqi,90,CN,1580262837,85,-12.0,43.8,87.6,2.0
273,jaypur,0,IN,1580262837,49,22.81,18.85,82.58,1.14
274,gazanjyk,0,TM,1580262837,48,2.46,39.24,55.52,2.31
275,kununurra,0,AU,1580262837,53,35.0,-15.77,128.73,2.6
276,marsaxlokk,40,MT,1580262837,87,14.0,35.84,14.54,4.6
277,sao filipe,11,CV,1580262838,67,21.74,14.9,-24.5,8.22
278,saint-joseph,90,RE,1580262838,64,23.0,-21.37,55.62,4.1
279,katsuura,40,JP,1580262838,77,16.0,35.13,140.3,3.1
280,tocopilla,0,CL,1580262838,61,16.05,-22.09,-70.2,0.95
281,saint paul,90,US,1580262546,85,-7.0,44.94,-93.09,0.78
282,kirovskiy,100,RU,1580262839,94,-12.5,45.09,133.51,3.11
283,paso de carrasco,0,UY,1580262839,40,23.0,-34.86,-56.05,2.6
284,atambua,37,ID,1580262839,69,29.07,-9.11,124.89,2.95
285,la orilla,56,MX,1580262840,71,21.43,17.98,-102.23,0.78
286,moctezuma,0,MX,1580262840,32,11.43,29.8,-109.67,2.16
287,asau,40,RO,1580262840,93,3.0,46.43,26.4,3.6
288,chumikan,0,RU,1580262840,71,-12.63,54.72,135.31,3.52
289,puerto escondido,20,MX,1580262841,69,28.0,15.85,-97.07,1.14
290,goderich,93,CA,1580262841,76,0.0,43.75,-81.72,2.43
291,pangnirtung,7,CA,1580262841,88,-33.75,66.15,-65.71,1.9
292,port hawkesbury,90,CA,1580262842,92,0.0,45.62,-61.35,3.1
293,damaturu,0,NG,1580262842,15,15.56,11.75,11.96,3.12
294,kiama,75,AU,1580262842,54,30.0,-34.68,150.87,4.6
295,kaitangata,100,NZ,1580262592,78,17.78,-46.28,169.85,2.24
296,yairipok,40,IN,1580262843,93,6.0,24.67,94.07,1.17
297,torit,100,SS,1580262843,65,23.78,4.41,32.57,0.61
298,morondava,12,MG,1580262843,94,22.52,-20.28,44.28,0.77
299,yongzhou,0,CN,1580262843,64,8.71,26.46,111.6,0.86
300,mabaruma,22,GY,1580262844,97,21.76,8.2,-59.78,1.06
301,ondjiva,40,AO,1580262844,76,21.28,-17.07,15.73,0.67
302,caravelas,100,BR,1580262844,85,26.48,-17.71,-39.25,5.13
303,cayenne,75,GF,1580262601,83,27.0,4.93,-52.33,5.1
304,lagoa,12,PT,1580262845,91,17.02,39.05,-27.98,10.05
305,nouakchott,53,MR,1580262845,12,22.0,18.09,-15.98,3.1
306,fortuna,75,US,1580262691,87,11.67,40.6,-124.16,0.62
307,tacoronte,100,ES,1580262845,26,15.56,28.48,-16.41,2.1
308,banjar,20,ID,1580262845,79,31.0,-8.19,114.97,2.6
309,rudnogorsk,98,RU,1580262846,92,-12.47,57.26,103.75,1.58
310,vila do maio,94,CV,1580262846,73,22.0,15.13,-23.22,6.2
311,vijayawada,40,IN,1580262846,94,23.0,16.52,80.62,3.16
312,high rock,78,BS,1580262846,72,21.34,26.62,-78.28,5.31
313,iqaluit,5,CA,1580262847,60,-32.0,63.75,-68.51,11.3
314,thinadhoo,28,MV,1580262847,76,27.06,0.53,72.93,6.93
315,kattivakkam,40,IN,1580262847,94,24.44,13.22,80.32,1.0
316,kaka,0,TM,1580262848,75,1.42,37.35,59.61,3.97
317,muroto,20,JP,1580262848,54,14.0,33.28,134.15,7.7
318,paoua,0,CF,1580262849,22,17.14,7.24,16.44,1.73
319,eskil,27,TR,1580262849,92,2.73,38.4,33.41,2.8
320,khatanga,98,RU,1580262849,97,-24.59,71.97,102.5,0.25
321,turukhansk,100,RU,1580262849,96,-15.36,65.82,87.98,2.18
322,teseney,0,ER,1580262849,75,16.81,15.11,36.66,2.6
323,lyngseidet,75,NO,1580262850,67,-5.0,69.58,20.22,13.4
324,kuytun,90,RU,1580262850,96,-14.32,54.34,101.5,2.04
325,alta floresta,100,BR,1580262850,96,21.0,-9.88,-56.09,0.86
326,savalou,100,BJ,1580262851,19,22.78,7.93,1.98,0.84
327,cradock,0,ZA,1580262851,56,14.69,-32.16,25.62,2.55
328,dickinson,40,US,1580262851,93,17.0,29.46,-95.05,2.6
329,codajas,100,BR,1580262851,98,23.35,-3.84,-62.06,0.87
330,meulaboh,88,ID,1580262851,80,26.41,4.14,96.13,2.29
331,cooma,29,AU,1580262757,33,25.0,-36.23,149.13,2.1
332,ambon,20,ID,1580262730,50,35.0,-3.7,128.18,3.1
333,soe,100,ID,1580262852,53,31.6,-9.86,124.28,2.32
334,champerico,0,GT,1580262852,78,23.9,14.3,-91.92,1.88
335,yerbogachen,100,RU,1580262853,93,-13.36,61.28,108.01,1.95
336,coihaique,20,CL,1580262853,87,8.0,-45.58,-72.07,1.0
337,awbari,0,LY,1580262853,24,14.47,26.59,12.78,4.99
338,tuatapere,100,NZ,1580262853,96,12.08,-46.13,167.68,1.35
339,balakhta,100,RU,1580262853,93,-9.03,55.38,91.6,1.95
340,thurles,34,IE,1580262854,90,3.33,52.68,-7.8,1.79
341,narsaq,38,GL,1580262854,72,-11.0,60.92,-46.05,2.1
342,mitrofanovka,100,RU,1580262854,99,1.66,49.97,39.69,4.13
343,shellbrook,90,CA,1580262854,100,-5.0,53.22,-106.4,1.5
344,maldonado,0,UY,1580262855,60,22.0,-34.67,-54.92,5.7
345,namibe,100,AO,1580262855,77,23.97,-15.2,12.15,3.49
346,sungurlu,100,TR,1580262855,98,0.89,40.17,34.37,2.74
347,gimli,100,CA,1580262663,95,-10.0,50.63,-96.99,1.76
348,beaufort,75,MY,1580262856,79,29.0,5.35,115.75,4.6
349,baculin,80,PH,1580262856,84,25.95,7.45,126.58,2.17
350,kommunisticheskiy,8,RU,1580262856,93,-27.37,61.68,64.48,2.51
351,nobeoka,58,JP,1580262857,49,13.43,32.58,131.67,1.28
352,namatanai,0,PG,1580262857,72,30.15,-3.67,152.43,7.07
353,emerald,40,AU,1580262857,66,30.0,-23.53,148.17,4.6
354,lodja,92,CD,1580262857,90,21.52,-3.48,23.43,1.04
355,ostrovnoy,18,RU,1580262857,93,-15.63,68.05,39.51,1.9
356,panaba,0,MX,1580262858,84,23.32,21.28,-88.27,3.58
357,yaan,0,NG,1580262858,16,22.02,7.38,8.57,1.97
358,xinqing,20,CN,1580262858,80,-14.34,48.23,129.5,3.19
359,leningradskiy,100,RU,1580262858,95,-21.67,69.38,178.42,1.57
360,marilandia,100,BR,1580262859,91,22.81,-19.41,-40.54,0.44
361,miragoane,45,HT,1580262859,69,25.42,18.44,-73.09,2.75
362,santa,94,PH,1580262859,55,27.1,17.49,120.43,1.89
363,olinda,75,BR,1580262859,74,28.0,-8.01,-34.86,3.6
364,dorado,54,PR,1580262860,89,25.0,18.46,-66.27,2.34
365,papar,75,MY,1580262860,74,31.0,5.73,115.93,2.1
366,sinnamary,96,GF,1580262860,84,26.8,5.38,-52.95,8.31
367,gualeguay,0,AR,1580262860,33,23.83,-33.14,-59.31,4.37
368,juegang,0,CN,1580262860,72,6.11,32.32,121.19,0.45
369,saint-augustin,0,CA,1580262861,88,-11.75,51.23,-58.65,4.31
370,praia da vitoria,75,PT,1580262861,93,17.0,38.73,-27.07,12.01
371,hay river,90,CA,1580262861,84,-19.0,60.82,-115.8,0.34
372,srednekolymsk,0,RU,1580262861,96,-34.31,67.45,153.68,3.96
373,jussara,34,BR,1580262861,61,27.0,-23.62,-52.47,3.1
374,port macquarie,75,AU,1580262862,55,33.33,-31.43,152.92,4.6
375,merauke,10,ID,1580262862,50,33.61,-8.47,140.33,5.49
376,bathsheba,40,BB,1580262862,78,26.0,13.22,-59.52,6.7
377,nyagan,0,RU,1580262862,94,-29.08,62.14,65.39,2.35
378,kikwit,3,CD,1580262862,76,21.28,-5.04,18.82,0.45
379,tokonou,100,GN,1580262863,15,19.25,9.65,-9.78,1.23
380,irbeyskoye,100,RU,1580262863,86,-5.36,55.64,95.45,1.0
381,zhumadian,0,CN,1580262863,51,8.92,32.98,114.03,4.27
382,lucapa,100,AO,1580262863,96,19.52,-8.42,20.74,0.83
383,minggang,0,CN,1580262863,50,9.27,32.46,114.05,3.66
384,sovetskiy,0,RU,1580262864,94,-25.67,61.36,63.58,2.3
385,vlissingen,55,NL,1580262864,81,7.0,51.44,3.57,11.3
386,pirapozinho,0,BR,1580262864,42,27.0,-22.28,-51.5,1.5
387,mackay,100,AU,1580262864,79,31.11,-21.15,149.2,5.1
388,tambura,3,SS,1580262865,24,16.12,5.6,27.47,1.2
389,adrar,0,MR,1580262865,26,20.33,20.5,-10.07,5.34
390,nancha,0,CN,1580262865,67,-12.47,47.13,129.27,2.39
391,soyo,100,AO,1580262865,84,26.65,-6.13,12.37,1.56
392,sao felix do xingu,83,BR,1580262866,97,21.69,-6.64,-51.99,0.68
393,petropavlovsk-kamchatskiy,17,RU,1580262866,68,-4.0,53.05,158.65,3.0
394,fort morgan,1,US,1580262650,40,3.0,40.25,-103.8,2.1
395,rawson,0,AR,1580262621,59,15.43,-43.3,-65.1,8.02
396,limbazi,100,LV,1580262866,97,0.56,57.51,24.72,0.89
397,capao da canoa,57,BR,1580262683,83,23.75,-29.75,-50.01,8.81
398,devonport,0,AU,1580262867,71,23.33,-41.17,146.35,2.68
399,shenjiamen,84,CN,1580262867,68,7.08,29.96,122.3,11.07
400,nouadhibou,25,MR,1580262867,49,20.0,20.93,-17.03,6.7
401,playas,36,EC,1580262867,78,24.47,-2.63,-80.38,2.17
402,breves,83,BR,1580262868,99,23.21,-1.68,-50.48,1.12
403,mitsamiouli,100,KM,1580262868,76,28.12,-11.38,43.28,4.18
404,swan hill,0,AU,1580262868,27,35.56,-35.34,143.55,0.89
405,qaqortoq,0,GL,1580262869,72,-11.0,60.72,-46.03,2.1
406,port hardy,75,CA,1580262869,87,7.0,50.7,-127.42,9.3
407,pevek,100,RU,1580262869,98,-24.07,69.7,170.31,5.69
408,sagae,75,JP,1580262869,93,9.0,38.37,140.27,2.1
409,nelson bay,75,AU,1580262630,78,26.67,-32.72,152.15,6.7
410,petrivka,90,UA,1580262870,100,4.0,46.97,30.96,4.0
411,berlevag,65,NO,1580262870,67,-4.39,70.86,29.09,10.28
412,manhattan beach,20,US,1580262870,67,19.0,33.88,-118.41,4.6
413,hauterive,90,FR,1580262871,81,7.0,46.09,3.45,1.5
414,tinskoy,100,RU,1580262871,93,-5.03,56.15,96.92,1.52
415,arua,100,UG,1580262871,69,19.26,3.02,30.91,1.73
416,otane,71,NZ,1580262871,58,26.11,-39.88,176.63,4.47
417,la plaine,0,DM,1580262871,74,25.73,15.33,-61.25,4.11
418,bonavista,100,CA,1580262872,88,-1.67,48.65,-53.11,0.89
419,palana,98,RU,1580262872,89,-7.62,59.12,159.97,2.97
420,pangai,40,TO,1580262872,74,30.0,-19.8,-174.35,2.1
421,langfang,67,CN,1580262872,59,7.22,39.51,116.69,2.0
422,flinders,75,AU,1580262872,54,26.67,-34.58,150.86,4.6
423,la asuncion,8,VE,1580262873,83,27.0,11.03,-63.86,5.1
424,charters towers,100,AU,1580262873,81,26.8,-20.1,146.27,5.92
425,bireun,100,ID,1580262873,90,22.46,5.2,96.7,1.3
426,tairua,55,NZ,1580262874,58,27.78,-37.02,175.85,6.26
427,fershampenuaz,1,RU,1580262874,87,-22.29,53.52,59.81,2.54
428,ribeira grande,75,PT,1580262874,93,17.0,38.52,-28.7,5.7
429,saldanha,92,ZA,1580262874,89,18.19,-33.01,17.94,5.04
430,himensulan,40,PH,1580262874,79,32.78,10.6,124.28,0.5
431,guangyuan,13,CN,1580262875,42,7.43,32.44,105.82,1.23
432,luganville,75,VU,1580262875,70,30.0,-15.53,167.17,5.1
433,swift current,90,CA,1580262875,85,-6.0,50.28,-107.8,2.6
434,mikun,34,RU,1580262875,99,-25.15,62.35,50.08,1.95
435,bambous virieux,20,MU,1580262876,94,22.22,-20.34,57.76,3.1
436,camopi,61,GF,1580262876,98,22.42,3.17,-52.32,1.12
437,camargo,0,MX,1580262876,26,11.96,27.67,-105.17,4.32
438,madang,0,PG,1580262876,68,29.2,-5.22,145.8,2.98
439,oranjemund,34,NA,1580262877,94,15.65,-28.55,16.43,3.95
440,nkhata bay,100,MW,1580262877,79,25.32,-11.61,34.29,5.01
441,homer,90,US,1580262656,73,-7.0,59.64,-151.55,2.1
442,hoddesdon,78,GB,1580262877,81,4.0,51.76,-0.01,3.6
443,vilcun,0,CL,1580262877,71,13.0,-38.65,-72.23,2.6
444,alyangula,83,AU,1580262878,70,29.0,-13.85,136.42,4.1
445,avallon,100,FR,1580262878,87,7.22,47.48,3.9,1.34
446,hofn,61,IS,1580262878,59,3.62,64.25,-15.21,6.81
447,seymchan,92,RU,1580262878,92,-25.06,62.88,152.43,0.66
448,miyako,100,JP,1580262878,92,7.02,39.64,141.95,7.19
449,palmer,90,US,1580262879,63,2.22,42.16,-72.33,6.2
450,clyde river,1,CA,1580262879,74,-31.0,70.47,-68.59,3.1
451,malabo,20,GQ,1580262879,88,25.0,3.75,8.78,3.1
452,pervomayskoye,100,RU,1580262879,96,4.76,43.92,46.71,3.31
453,harper,61,LR,1580262880,91,24.62,4.38,-7.72,0.56
454,dudinka,75,RU,1580262880,78,-12.0,69.41,86.18,8.0
455,terrace,90,CA,1580262880,100,1.11,54.52,-128.6,2.1
456,wanning,33,CN,1580262880,68,18.38,18.8,110.4,4.35
457,mandera,53,KE,1580262881,54,25.76,3.94,41.87,5.38
458,yuli,25,NG,1580262881,16,19.26,9.7,10.27,3.69
459,springdale,90,US,1580262881,100,5.56,36.19,-94.13,4.1
460,santiago del estero,10,AR,1580262881,49,26.92,-27.8,-64.26,4.52
461,mundo nuevo,0,MX,1580262882,84,23.22,18.7,-95.5,2.21
462,inuvik,90,CA,1580262882,67,-30.0,68.35,-133.72,1.5
463,okhotsk,0,RU,1580262882,70,-20.57,59.38,143.3,5.96
464,belle fourche,1,US,1580262882,67,0.0,44.67,-103.85,3.74
465,puerto narino,75,CO,1580262883,94,27.0,-3.77,-70.38,1.5
466,chernyshkovskiy,100,RU,1580262883,90,1.92,48.42,42.23,5.87
467,tvoroyri,2,FO,1580262883,69,0.0,61.56,-6.81,1.0
468,oistins,40,BB,1580262883,78,26.0,13.07,-59.53,6.7
469,chitral,100,PK,1580262884,72,-11.07,35.85,71.79,2.76
470,pandan,86,PH,1580262884,73,26.71,14.05,124.17,2.32
471,bukama,100,CD,1580262884,98,20.27,-9.2,25.85,0.55
472,izumo,75,JP,1580262884,76,9.0,35.37,132.77,1.5
473,agirish,0,RU,1580262884,94,-25.2,61.92,63.02,2.53
474,miri,75,MY,1580262799,83,29.0,4.41,114.01,5.1
475,kristiinankaupunki,100,FI,1580262885,95,2.38,62.27,21.38,3.0
476,usinsk,71,RU,1580262885,98,-29.84,65.99,57.53,4.24
477,druzhnaya gorka,90,RU,1580262885,92,-1.0,59.28,30.14,5.0
478,kloulklubed,75,PW,1580262886,74,29.0,7.04,134.26,2.6
479,khovu-aksy,26,RU,1580262886,73,-14.52,51.13,93.6,5.2
480,alugan,0,PH,1580262886,76,27.13,12.22,125.48,1.14
481,wencheng,0,CN,1580262886,51,8.92,33.06,113.8,4.27
482,antalaha,55,MG,1580262887,72,26.27,-14.9,50.28,2.73
483,plover,90,US,1580262887,79,-3.89,44.46,-89.54,1.15
484,cap malheureux,20,MU,1580262887,94,22.22,-19.98,57.61,3.1
485,sarti,67,GR,1580262887,71,12.36,40.1,23.98,5.84
486,aktash,74,RU,1580262888,87,-16.98,50.3,87.73,6.87
487,inhambane,0,MZ,1580262888,64,24.2,-23.86,35.38,2.73
488,moron,0,AR,1580262888,50,27.78,-34.65,-58.62,3.1
489,winslow,1,US,1580262888,33,8.0,35.02,-110.7,2.1
490,neath,75,GB,1580262889,70,7.0,51.66,-3.8,7.7
491,lulea,100,SE,1580262854,85,-8.0,65.58,22.15,2.1
492,cocula,5,MX,1580262889,25,21.67,20.37,-103.82,3.6
493,marica,75,BR,1580262889,88,27.0,-22.92,-42.82,2.1
494,batavia,90,US,1580262607,80,0.0,41.85,-88.31,2.05
495,tual,57,ID,1580262890,78,29.11,-5.67,132.75,7.62
496,half moon bay,75,US,1580262890,93,14.0,37.46,-122.43,3.1
497,vao,16,NC,1580262890,72,25.16,-22.67,167.48,5.66
498,zilair,89,RU,1580262890,79,-19.09,52.23,57.44,0.95
499,beringovskiy,96,RU,1580262891,95,-17.65,63.05,179.32,1.45
500,deer lake,90,CA,1580262891,85,-5.0,49.17,-57.43,2.6
501,kalabo,91,ZM,1580262891,94,19.16,-14.97,22.68,1.39
502,statesville,75,US,1580262891,56,7.0,35.78,-80.89,2.1
503,tanout,0,NE,1580262892,9,17.47,14.97,8.89,4.52
504,cascais,75,PT,1580262892,100,15.0,38.7,-9.42,4.1
505,honiara,20,SB,1580262892,79,31.0,-9.43,159.95,4.6
506,isiro,96,CD,1580262892,36,17.16,2.77,27.62,0.95
507,nemuro,75,JP,1580262893,79,-3.0,43.32,145.57,3.6
508,vila velha,75,BR,1580262760,88,27.78,-20.33,-40.29,6.2
509,dombarovskiy,64,RU,1580262893,80,-18.98,50.76,59.54,2.6
510,york,90,US,1580262893,64,4.44,40.13,-77.0,5.1
511,choma,14,ZM,1580262894,97,16.84,-16.81,26.95,1.31
512,wewak,4,PG,1580262894,67,29.98,-3.55,143.63,4.99
513,joshimath,100,IN,1580262894,98,-1.92,30.57,79.57,2.38
514,kedrovyy,40,RU,1580262894,85,-7.0,56.17,91.82,2.0
515,nangong,53,CN,1580262894,50,4.81,37.36,115.37,2.01
516,bossangoa,0,CF,1580262895,27,17.77,6.49,17.46,0.84
517,channel-port aux basques,96,CA,1580262895,80,-2.2,47.57,-59.14,5.33
518,itarema,99,BR,1580262895,89,24.49,-2.92,-39.92,1.1
519,gumdag,21,TM,1580262895,68,2.42,39.21,54.59,5.69
520,karratha,87,AU,1580262896,75,29.83,-20.74,116.85,4.55
521,dalbandin,0,PK,1580262896,64,4.56,28.89,64.41,2.79
522,copiapo,0,CL,1580262618,82,19.0,-27.37,-70.33,1.5
523,oskemen,90,KZ,1580262896,78,-11.0,49.96,82.61,7.0
524,balikpapan,50,ID,1580262896,77,28.49,-1.27,116.83,5.22
525,kamina,100,CD,1580262897,95,17.7,-8.74,24.99,1.52
526,saint-francois,75,FR,1580262897,75,7.22,46.42,3.91,4.6
527,coquimbo,90,CL,1580262649,88,18.0,-29.95,-71.34,2.6
528,pleshanovo,98,RU,1580262897,90,-17.23,52.83,53.48,2.77
529,ornskoldsvik,100,SE,1580262897,100,0.0,63.29,18.72,2.6
530,kangaatsiaq,100,GL,1580262898,90,-11.4,68.31,-53.46,8.99
531,cabo san lucas,5,MX,1580262898,49,23.0,22.89,-109.91,3.6
532,cockburn town,0,TC,1580262808,70,25.37,21.46,-71.14,3.76
533,novo aripuana,99,BR,1580262899,84,24.56,-5.12,-60.38,0.64
534,tiarei,40,PF,1580262899,63,33.0,-17.53,-149.33,3.1
535,north bend,90,US,1580262899,87,11.0,43.41,-124.22,2.6
536,karasburg,8,NA,1580262899,18,18.61,-28.02,18.75,0.35
537,keetmanshoop,10,NA,1580262900,15,26.0,-26.58,18.13,1.5
538,quthing,24,LS,1580262900,33,12.55,-30.4,27.7,0.72
539,porosozero,100,RU,1580262900,95,-6.8,62.72,32.73,2.12
540,tomigusuku,75,JP,1580262901,77,17.0,26.18,127.67,6.2
541,lixourion,31,GR,1580262901,69,15.24,38.2,20.43,7.99
542,casino,50,AU,1580262901,52,33.0,-28.87,153.05,2.6
543,priladozhskiy,90,RU,1580262901,92,-1.0,59.85,31.48,5.0
544,tukrah,2,LY,1580262902,80,13.26,32.53,20.58,4.32
545,santa isabel,75,BR,1580262640,100,22.0,-23.32,-46.22,1.0
546,kendari,100,ID,1580262902,71,30.73,-3.94,122.5,1.56
547,tadine,100,NC,1580262902,59,27.75,-21.55,167.88,4.1
548,athabasca,64,CA,1580262903,86,-8.78,54.72,-113.29,2.18
549,mehamn,42,NO,1580262903,75,-8.5,71.04,27.85,8.81
550,tauberbischofsheim,75,DE,1580262903,96,2.22,49.62,9.66,5.7
551,maragogi,44,BR,1580262903,72,27.21,-9.01,-35.22,5.19
552,san carlos,11,VE,1580262903,63,26.54,9.66,-68.58,1.72
553,auki,100,SB,1580262904,71,29.6,-8.77,160.7,2.12
554,hermosillo,0,MX,1580262607,29,21.67,29.07,-110.97,1.79
555,fort nelson,40,CA,1580262904,84,-16.0,58.81,-122.7,1.5
556,zadar,20,HR,1580262904,81,12.78,44.12,15.24,1.0
557,vega de alatorre,45,MX,1580262905,91,23.5,20.03,-96.63,0.72
558,sorong,77,ID,1580262905,57,32.42,-0.88,131.25,2.78
559,risor,100,NO,1580262905,97,2.22,58.72,9.23,5.16
560,bereda,100,ES,1580262905,93,13.0,43.27,-7.54,3.1
561,lac du bonnet,100,CA,1580262862,95,-10.0,50.25,-96.06,2.18
562,laguna,1,US,1580262793,71,15.0,38.42,-121.42,3.6
563,marfino,90,RU,1580262906,100,0.0,55.7,37.38,2.0
564,ust-nera,81,RU,1580262906,99,-40.13,64.57,143.2,1.46
565,dunedin,100,NZ,1580262906,84,16.08,-45.87,170.5,4.27
566,severobaykalsk,100,RU,1580262907,75,-9.64,55.65,109.32,4.94
567,itacare,40,BR,1580262907,83,28.0,-14.28,-39.0,2.1
568,uyuni,0,BO,1580262907,40,11.63,-20.46,-66.83,2.64
